-- MySQL Script generated by MySQL Workbench
-- Fri Mar 19 15:53:38 2021
-- Model: New Model    Version: 1.0
-- MySQL Workbench Forward Engineering

SET @OLD_UNIQUE_CHECKS=@@UNIQUE_CHECKS, UNIQUE_CHECKS=0;
SET @OLD_FOREIGN_KEY_CHECKS=@@FOREIGN_KEY_CHECKS, FOREIGN_KEY_CHECKS=0;
SET @OLD_SQL_MODE=@@SQL_MODE, SQL_MODE='ONLY_FULL_GROUP_BY,STRICT_TRANS_TABLES,NO_ZERO_IN_DATE,NO_ZERO_DATE,ERROR_FOR_DIVISION_BY_ZERO,NO_ENGINE_SUBSTITUTION';

-- -----------------------------------------------------
-- Schema mydb
-- -----------------------------------------------------
-- -----------------------------------------------------
-- Schema csc2008_hospital
-- -----------------------------------------------------

-- -----------------------------------------------------
-- Schema csc2008_hospital
-- -----------------------------------------------------
CREATE SCHEMA IF NOT EXISTS `csc2008_hospital` DEFAULT CHARACTER SET latin1 ;
USE `csc2008_hospital` ;

-- -----------------------------------------------------
-- Table `csc2008_hospital`.`covid19_details`
-- -----------------------------------------------------
DROP TABLE IF EXISTS `csc2008_hospital`.`covid19_details` ;

CREATE TABLE IF NOT EXISTS `csc2008_hospital`.`covid19_details` (
  `covid_id` INT(11) NOT NULL AUTO_INCREMENT,
  `is_positive` TINYINT(4) NOT NULL,
  `infected_date` DATETIME NULL DEFAULT NULL,
  `last_tested` DATETIME NULL DEFAULT NULL,
  `injection_date` DATETIME NULL DEFAULT NULL,
  `condition_status` VARCHAR(45) NOT NULL,
  `symptoms` VARCHAR(255) NOT NULL,
  PRIMARY KEY (`covid_id`))
ENGINE = InnoDB
AUTO_INCREMENT = 6520
DEFAULT CHARACTER SET = latin1;


-- -----------------------------------------------------
-- Table `csc2008_hospital`.`doctor`
-- -----------------------------------------------------
DROP TABLE IF EXISTS `csc2008_hospital`.`doctor` ;

CREATE TABLE IF NOT EXISTS `csc2008_hospital`.`doctor` (
  `doctor_id` INT(11) NOT NULL AUTO_INCREMENT,
  `doctor_name` VARCHAR(255) NOT NULL,
  PRIMARY KEY (`doctor_id`))
ENGINE = InnoDB
AUTO_INCREMENT = 171001
DEFAULT CHARACTER SET = latin1;


-- -----------------------------------------------------
-- Table `csc2008_hospital`.`hospital`
-- -----------------------------------------------------
DROP TABLE IF EXISTS `csc2008_hospital`.`hospital` ;

CREATE TABLE IF NOT EXISTS `csc2008_hospital`.`hospital` (
  `hos_id` INT(11) NOT NULL AUTO_INCREMENT,
  `hos_name` VARCHAR(255) NOT NULL,
  `hos_location` VARCHAR(255) NOT NULL,
  PRIMARY KEY (`hos_id`))
ENGINE = InnoDB
AUTO_INCREMENT = 6
DEFAULT CHARACTER SET = latin1;


-- -----------------------------------------------------
-- Table `csc2008_hospital`.`room`
-- -----------------------------------------------------
DROP TABLE IF EXISTS `csc2008_hospital`.`room` ;

CREATE TABLE IF NOT EXISTS `csc2008_hospital`.`room` (
  `room_id` INT(11) NOT NULL AUTO_INCREMENT,
  `room_no` VARCHAR(45) NOT NULL,
  `ward_no` VARCHAR(45) NOT NULL,
  `bed_no` VARCHAR(45) NOT NULL,
  `hospital_hos_id` INT(11) NOT NULL,
  PRIMARY KEY (`room_id`, `hospital_hos_id`),
  INDEX `fk_room_hospital_idx` (`hospital_hos_id` ASC) VISIBLE,
  CONSTRAINT `fk_room_hospital`
    FOREIGN KEY (`hospital_hos_id`)
    REFERENCES `csc2008_hospital`.`hospital` (`hos_id`)
    ON DELETE NO ACTION
    ON UPDATE NO ACTION)
ENGINE = InnoDB
AUTO_INCREMENT = 1209
DEFAULT CHARACTER SET = latin1;


-- -----------------------------------------------------
-- Table `csc2008_hospital`.`patient`
-- -----------------------------------------------------
DROP TABLE IF EXISTS `csc2008_hospital`.`patient` ;

CREATE TABLE IF NOT EXISTS `csc2008_hospital`.`patient` (
  `patient_id` INT(11) NOT NULL AUTO_INCREMENT,
  `name` VARCHAR(255) NOT NULL,
  `age` INT(11) NOT NULL,
  `gender` VARCHAR(45) NOT NULL,
  `room_id` INT(11) NOT NULL,
  `doctor_id` INT(11) NOT NULL,
  `mr_id` INT(11) NOT NULL,
  `pv_id` INT(11) NOT NULL,
  `wr_id` INT(11) NOT NULL,
  `room_room_id` INT(11) NOT NULL,
  `room_hospital_hos_id` INT(11) NOT NULL,
  `patient_vitals_pv_id` INT(11) NOT NULL,
  `doctor_doctor_id` INT(11) NOT NULL,
  `doctor_doctor_id1` INT(11) NOT NULL,
  PRIMARY KEY (`patient_id`, `room_room_id`, `room_hospital_hos_id`, `patient_vitals_pv_id`, `doctor_doctor_id`),
  INDEX `room_id_idx` (`room_id` ASC) VISIBLE,
  INDEX `doctor_id_idx` (`doctor_id` ASC) VISIBLE,
  INDEX `mr_id_idx` (`mr_id` ASC) VISIBLE,
  INDEX `pv_id_idx` (`pv_id` ASC) VISIBLE,
  INDEX `wr_id_idx` (`wr_id` ASC) VISIBLE,
  INDEX `fk_patient_room1_idx` (`room_room_id` ASC, `room_hospital_hos_id` ASC) VISIBLE,
  INDEX `fk_patient_doctor1_idx` (`doctor_doctor_id1` ASC) VISIBLE,
  CONSTRAINT `fk_patient_doctor1`
    FOREIGN KEY (`doctor_doctor_id1`)
    REFERENCES `csc2008_hospital`.`doctor` (`doctor_id`)
    ON DELETE NO ACTION
    ON UPDATE NO ACTION,
  CONSTRAINT `fk_patient_room1`
    FOREIGN KEY (`room_room_id` , `room_hospital_hos_id`)
    REFERENCES `csc2008_hospital`.`room` (`room_id` , `hospital_hos_id`)
    ON DELETE NO ACTION
    ON UPDATE NO ACTION)
ENGINE = InnoDB
AUTO_INCREMENT = 110
DEFAULT CHARACTER SET = latin1;


-- -----------------------------------------------------
-- Table `csc2008_hospital`.`medical_record`
-- -----------------------------------------------------
DROP TABLE IF EXISTS `csc2008_hospital`.`medical_record` ;

CREATE TABLE IF NOT EXISTS `csc2008_hospital`.`medical_record` (
  `mr_id` INT(11) NOT NULL AUTO_INCREMENT,
  `mr_date` DATE NOT NULL,
  `appt_type` VARCHAR(255) NOT NULL,
  `illness` VARCHAR(255) NOT NULL,
  `patient_patient_id` INT(11) NOT NULL,
  `patient_room_room_id` INT(11) NOT NULL,
  `patient_room_hospital_hos_id` INT(11) NOT NULL,
  `patient_patient_vitals_pv_id` INT(11) NOT NULL,
  `patient_doctor_doctor_id` INT(11) NOT NULL,
  PRIMARY KEY (`mr_id`, `patient_patient_id`, `patient_room_room_id`, `patient_room_hospital_hos_id`, `patient_patient_vitals_pv_id`, `patient_doctor_doctor_id`),
  INDEX `fk_medical_record_patient1_idx` (`patient_patient_id` ASC, `patient_room_room_id` ASC, `patient_room_hospital_hos_id` ASC, `patient_patient_vitals_pv_id` ASC, `patient_doctor_doctor_id` ASC) VISIBLE,
  CONSTRAINT `fk_medical_record_patient1`
    FOREIGN KEY (`patient_patient_id` , `patient_room_room_id` , `patient_room_hospital_hos_id` , `patient_patient_vitals_pv_id` , `patient_doctor_doctor_id`)
    REFERENCES `csc2008_hospital`.`patient` (`patient_id` , `room_room_id` , `room_hospital_hos_id` , `patient_vitals_pv_id` , `doctor_doctor_id`)
    ON DELETE NO ACTION
    ON UPDATE NO ACTION)
ENGINE = InnoDB
AUTO_INCREMENT = 4010
DEFAULT CHARACTER SET = latin1;


-- -----------------------------------------------------
-- Table `csc2008_hospital`.`patient_vitals`
-- -----------------------------------------------------
DROP TABLE IF EXISTS `csc2008_hospital`.`patient_vitals` ;

CREATE TABLE IF NOT EXISTS `csc2008_hospital`.`patient_vitals` (
  `pv_id` INT(11) NOT NULL AUTO_INCREMENT,
  `heart_rate` INT(11) NOT NULL,
  `bp_systolic` INT(11) NOT NULL,
  `bp_diastolic` INT(11) NOT NULL,
  `temperature` FLOAT NOT NULL,
  `vital_datetime` DATETIME NOT NULL,
  `patient_patient_id` INT(11) NOT NULL,
  `patient_room_room_id` INT(11) NOT NULL,
  `patient_room_hospital_hos_id` INT(11) NOT NULL,
  `patient_patient_vitals_pv_id` INT(11) NOT NULL,
  `patient_doctor_doctor_id` INT(11) NOT NULL,
  `covid19_details_covid_id` INT(11) NOT NULL,
  PRIMARY KEY (`pv_id`, `patient_patient_id`, `patient_room_room_id`, `patient_room_hospital_hos_id`, `patient_patient_vitals_pv_id`, `patient_doctor_doctor_id`, `covid19_details_covid_id`),
  INDEX `fk_patient_vitals_patient1_idx` (`patient_patient_id` ASC, `patient_room_room_id` ASC, `patient_room_hospital_hos_id` ASC, `patient_patient_vitals_pv_id` ASC, `patient_doctor_doctor_id` ASC) VISIBLE,
  INDEX `fk_patient_vitals_covid19_details1_idx` (`covid19_details_covid_id` ASC) VISIBLE,
  CONSTRAINT `fk_patient_vitals_covid19_details1`
    FOREIGN KEY (`covid19_details_covid_id`)
    REFERENCES `csc2008_hospital`.`covid19_details` (`covid_id`)
    ON DELETE NO ACTION
    ON UPDATE NO ACTION,
  CONSTRAINT `fk_patient_vitals_patient1`
    FOREIGN KEY (`patient_patient_id` , `patient_room_room_id` , `patient_room_hospital_hos_id` , `patient_patient_vitals_pv_id` , `patient_doctor_doctor_id`)
    REFERENCES `csc2008_hospital`.`patient` (`patient_id` , `room_room_id` , `room_hospital_hos_id` , `patient_vitals_pv_id` , `doctor_doctor_id`)
    ON DELETE NO ACTION
    ON UPDATE NO ACTION)
ENGINE = InnoDB
AUTO_INCREMENT = 2010
DEFAULT CHARACTER SET = latin1;


-- -----------------------------------------------------
-- Table `csc2008_hospital`.`ward_record`
-- -----------------------------------------------------
DROP TABLE IF EXISTS `csc2008_hospital`.`ward_record` ;

CREATE TABLE IF NOT EXISTS `csc2008_hospital`.`ward_record` (
  `wr_id` INT(11) NOT NULL AUTO_INCREMENT,
  `start_date` DATE NOT NULL,
  `end_date` DATE NOT NULL,
  `duration` VARCHAR(255) NOT NULL,
  `patient_patient_id` INT(11) NOT NULL,
  `patient_room_room_id` INT(11) NOT NULL,
  `patient_room_hospital_hos_id` INT(11) NOT NULL,
  `patient_patient_vitals_pv_id` INT(11) NOT NULL,
  `patient_doctor_doctor_id` INT(11) NOT NULL,
  PRIMARY KEY (`wr_id`, `patient_patient_id`, `patient_room_room_id`, `patient_room_hospital_hos_id`, `patient_patient_vitals_pv_id`, `patient_doctor_doctor_id`),
  INDEX `fk_ward_record_patient1_idx` (`patient_patient_id` ASC, `patient_room_room_id` ASC, `patient_room_hospital_hos_id` ASC, `patient_patient_vitals_pv_id` ASC, `patient_doctor_doctor_id` ASC) VISIBLE,
  CONSTRAINT `fk_ward_record_patient1`
    FOREIGN KEY (`patient_patient_id` , `patient_room_room_id` , `patient_room_hospital_hos_id` , `patient_patient_vitals_pv_id` , `patient_doctor_doctor_id`)
    REFERENCES `csc2008_hospital`.`patient` (`patient_id` , `room_room_id` , `room_hospital_hos_id` , `patient_vitals_pv_id` , `doctor_doctor_id`)
    ON DELETE NO ACTION
    ON UPDATE NO ACTION)
ENGINE = InnoDB
AUTO_INCREMENT = 3010
DEFAULT CHARACTER SET = latin1;


SET SQL_MODE=@OLD_SQL_MODE;
SET FOREIGN_KEY_CHECKS=@OLD_FOREIGN_KEY_CHECKS;
SET UNIQUE_CHECKS=@OLD_UNIQUE_CHECKS;

-- -----------------------------------------------------
-- Data for table `csc2008_hospital`.`covid19_details`
-- -----------------------------------------------------
START TRANSACTION;
USE `csc2008_hospital`;
INSERT INTO `csc2008_hospital`.`covid19_details` (`covid_id`, `is_positive`, `infected_date`, `last_tested`, `injection_date`, `condition_status`, `symptoms`) VALUES (6500, TRUE, '2021/02/25', '2021/02/18', '2021/02/28', 'STABLE', 'Fever, Difficulty Breathing');
INSERT INTO `csc2008_hospital`.`covid19_details` (`covid_id`, `is_positive`, `infected_date`, `last_tested`, `injection_date`, `condition_status`, `symptoms`) VALUES (6501, TRUE, '2021/02/22', '2021/02/15', '2021/02/25', 'CRITICAL', 'Pneumonia, Irregular Heart Rate');
INSERT INTO `csc2008_hospital`.`covid19_details` (`covid_id`, `is_positive`, `infected_date`, `last_tested`, `injection_date`, `condition_status`, `symptoms`) VALUES (6502, TRUE, '2021/01/02', '2020/12/26', '2021/01/05', 'CRITICAL', 'Pneumonia, Irregular Heart Rate');
INSERT INTO `csc2008_hospital`.`covid19_details` (`covid_id`, `is_positive`, `infected_date`, `last_tested`, `injection_date`, `condition_status`, `symptoms`) VALUES (6503, TRUE, '2021/02/28', '2021/02/21', '2021/03/03', 'CRITICAL', 'Pneumonia, Irregular Heart Rate');
INSERT INTO `csc2008_hospital`.`covid19_details` (`covid_id`, `is_positive`, `infected_date`, `last_tested`, `injection_date`, `condition_status`, `symptoms`) VALUES (6504, TRUE, '2021/02/17', '2021/02/10', '2021/02/20', 'CRITICAL', 'Pneumonia, Irregular Heart Rate');
INSERT INTO `csc2008_hospital`.`covid19_details` (`covid_id`, `is_positive`, `infected_date`, `last_tested`, `injection_date`, `condition_status`, `symptoms`) VALUES (6505, TRUE, '2021/01/10', '2021/01/03', '2021/01/13', 'STABLE', 'Fever');
INSERT INTO `csc2008_hospital`.`covid19_details` (`covid_id`, `is_positive`, `infected_date`, `last_tested`, `injection_date`, `condition_status`, `symptoms`) VALUES (6506, TRUE, '2021/01/24', '2021/01/17', '2021/01/27', 'STABLE', 'Diarrhoea, Nausea');
INSERT INTO `csc2008_hospital`.`covid19_details` (`covid_id`, `is_positive`, `infected_date`, `last_tested`, `injection_date`, `condition_status`, `symptoms`) VALUES (6507, TRUE, '2021/01/18', '2021/01/11', '2021/01/21', 'STABLE', 'Diarrhoea');
INSERT INTO `csc2008_hospital`.`covid19_details` (`covid_id`, `is_positive`, `infected_date`, `last_tested`, `injection_date`, `condition_status`, `symptoms`) VALUES (6508, TRUE, '2021/01/03', '2020/12/27', '2021/01/06', 'STABLE', 'Inflammation');
INSERT INTO `csc2008_hospital`.`covid19_details` (`covid_id`, `is_positive`, `infected_date`, `last_tested`, `injection_date`, `condition_status`, `symptoms`) VALUES (6509, TRUE, '2021/02/15', '2021/02/08', '2021/02/18', 'CRITICAL', 'Arrhythmia');
INSERT INTO `csc2008_hospital`.`covid19_details` (`covid_id`, `is_positive`, `infected_date`, `last_tested`, `injection_date`, `condition_status`, `symptoms`) VALUES (6510, TRUE, '2021/02/21', '2021/02/14', '2021/02/24', 'CRITICAL', 'Arrhythmia');
INSERT INTO `csc2008_hospital`.`covid19_details` (`covid_id`, `is_positive`, `infected_date`, `last_tested`, `injection_date`, `condition_status`, `symptoms`) VALUES (6511, TRUE, '2021/02/03', '2021/01/27', '2021/02/06', 'STABLE', 'Cought, Sorethroat');
INSERT INTO `csc2008_hospital`.`covid19_details` (`covid_id`, `is_positive`, `infected_date`, `last_tested`, `injection_date`, `condition_status`, `symptoms`) VALUES (6512, TRUE, '2021/01/13', '2021/01/06', '2021/01/16', 'STABLE', 'Cought, Sorethroat');
INSERT INTO `csc2008_hospital`.`covid19_details` (`covid_id`, `is_positive`, `infected_date`, `last_tested`, `injection_date`, `condition_status`, `symptoms`) VALUES (6513, FALSE, '2021/01/29', '2021/01/22', '2021/02/01', 'STABLE', 'Cought, Sorethroat');
INSERT INTO `csc2008_hospital`.`covid19_details` (`covid_id`, `is_positive`, `infected_date`, `last_tested`, `injection_date`, `condition_status`, `symptoms`) VALUES (6514, FALSE, '2021/01/09', '2021/01/02', '2021/01/12', 'STABLE', 'Cought, Sorethroat');
INSERT INTO `csc2008_hospital`.`covid19_details` (`covid_id`, `is_positive`, `infected_date`, `last_tested`, `injection_date`, `condition_status`, `symptoms`) VALUES (6515, FALSE, '2021/02/08', '2021/02/01', '2021/02/11', 'STABLE', 'Cought, Sorethroat');
INSERT INTO `csc2008_hospital`.`covid19_details` (`covid_id`, `is_positive`, `infected_date`, `last_tested`, `injection_date`, `condition_status`, `symptoms`) VALUES (6516, FALSE, '2021/02/06', '2021/01/30', '2021/02/09', 'STABLE', 'Cought, Sorethroat');
INSERT INTO `csc2008_hospital`.`covid19_details` (`covid_id`, `is_positive`, `infected_date`, `last_tested`, `injection_date`, `condition_status`, `symptoms`) VALUES (6517, FALSE, '2021/02/10', '2021/02/03', '2021/02/13', 'CRITICAL', 'Arrhythmia, Hypotension');
INSERT INTO `csc2008_hospital`.`covid19_details` (`covid_id`, `is_positive`, `infected_date`, `last_tested`, `injection_date`, `condition_status`, `symptoms`) VALUES (6518, FALSE, '2021/01/10', '2021/01/03', '2021/01/13', 'CRITICAL', 'Arrhythmia, Hypotension');
INSERT INTO `csc2008_hospital`.`covid19_details` (`covid_id`, `is_positive`, `infected_date`, `last_tested`, `injection_date`, `condition_status`, `symptoms`) VALUES (6519, FALSE, '2021/03/02', '2021/02/23', '2021/03/05', 'CRITICAL', 'Arrhythmia, Hypotension');

COMMIT;


-- -----------------------------------------------------
-- Data for table `csc2008_hospital`.`doctor`
-- -----------------------------------------------------
START TRANSACTION;
USE `csc2008_hospital`;
INSERT INTO `csc2008_hospital`.`doctor` (`doctor_id`, `doctor_name`) VALUES (170995, 'Dr Aaron Meng');
INSERT INTO `csc2008_hospital`.`doctor` (`doctor_id`, `doctor_name`) VALUES (170996, 'Dr Abraham Manu Jacob');
INSERT INTO `csc2008_hospital`.`doctor` (`doctor_id`, `doctor_name`) VALUES (170997, 'Dr Absar Qurishi');
INSERT INTO `csc2008_hospital`.`doctor` (`doctor_id`, `doctor_name`) VALUES (170998, 'Dr Chua Ying Ying');
INSERT INTO `csc2008_hospital`.`doctor` (`doctor_id`, `doctor_name`) VALUES (170999, 'Dr Ling Moi Lin');
INSERT INTO `csc2008_hospital`.`doctor` (`doctor_id`, `doctor_name`) VALUES (171000, 'Dr Julian Thumboo');

COMMIT;


-- -----------------------------------------------------
-- Data for table `csc2008_hospital`.`hospital`
-- -----------------------------------------------------
START TRANSACTION;
USE `csc2008_hospital`;
INSERT INTO `csc2008_hospital`.`hospital` (`hos_id`, `hos_name`, `hos_location`) VALUES (1, 'Ng Teng Fong General Hospital', '1 Jurong East Street 21, Singapore 609606');
INSERT INTO `csc2008_hospital`.`hospital` (`hos_id`, `hos_name`, `hos_location`) VALUES (2, 'Singapore General Hospital', 'Outram Rd, Singapore 169608');
INSERT INTO `csc2008_hospital`.`hospital` (`hos_id`, `hos_name`, `hos_location`) VALUES (3, 'Mount Elizabeth Hospital', '3 Mount Elizabeth, Singapore 228510');
INSERT INTO `csc2008_hospital`.`hospital` (`hos_id`, `hos_name`, `hos_location`) VALUES (4, 'Khoo Teck Puat Hospital', '90 Yishun Central, Singapore 768828');
INSERT INTO `csc2008_hospital`.`hospital` (`hos_id`, `hos_name`, `hos_location`) VALUES (5, 'Yishun Community Hospital', '2 Yishun Central 2, Singapore 768024');

COMMIT;


-- -----------------------------------------------------
-- Data for table `csc2008_hospital`.`room`
-- -----------------------------------------------------
START TRANSACTION;
USE `csc2008_hospital`;
INSERT INTO `csc2008_hospital`.`room` (`room_id`, `room_no`, `ward_no`, `bed_no`, `hospital_hos_id`) VALUES (1100, '101', 'A', 1, 1);
INSERT INTO `csc2008_hospital`.`room` (`room_id`, `room_no`, `ward_no`, `bed_no`, `hospital_hos_id`) VALUES (1101, '102', 'A', 2, 1);
INSERT INTO `csc2008_hospital`.`room` (`room_id`, `room_no`, `ward_no`, `bed_no`, `hospital_hos_id`) VALUES (1102, '103', 'A', 3, 1);
INSERT INTO `csc2008_hospital`.`room` (`room_id`, `room_no`, `ward_no`, `bed_no`, `hospital_hos_id`) VALUES (1103, '201', 'B', 4, 1);
INSERT INTO `csc2008_hospital`.`room` (`room_id`, `room_no`, `ward_no`, `bed_no`, `hospital_hos_id`) VALUES (1104, '202', 'B', 5, 1);
INSERT INTO `csc2008_hospital`.`room` (`room_id`, `room_no`, `ward_no`, `bed_no`, `hospital_hos_id`) VALUES (1105, '203', 'B', 6, 1);
INSERT INTO `csc2008_hospital`.`room` (`room_id`, `room_no`, `ward_no`, `bed_no`, `hospital_hos_id`) VALUES (1106, '301', 'C', 7, 1);
INSERT INTO `csc2008_hospital`.`room` (`room_id`, `room_no`, `ward_no`, `bed_no`, `hospital_hos_id`) VALUES (1107, '302', 'C', 8, 1);
INSERT INTO `csc2008_hospital`.`room` (`room_id`, `room_no`, `ward_no`, `bed_no`, `hospital_hos_id`) VALUES (1108, '303', 'C', 9, 1);
INSERT INTO `csc2008_hospital`.`room` (`room_id`, `room_no`, `ward_no`, `bed_no`, `hospital_hos_id`) VALUES (1109, '11', 'A',  10, 2);
INSERT INTO `csc2008_hospital`.`room` (`room_id`, `room_no`, `ward_no`, `bed_no`, `hospital_hos_id`) VALUES (1110, '12', 'A',  11, 2);
INSERT INTO `csc2008_hospital`.`room` (`room_id`, `room_no`, `ward_no`, `bed_no`, `hospital_hos_id`) VALUES (1111, '13', 'A',  12, 2);
INSERT INTO `csc2008_hospital`.`room` (`room_id`, `room_no`, `ward_no`, `bed_no`, `hospital_hos_id`) VALUES (1112, '21', 'B',  13, 2);
INSERT INTO `csc2008_hospital`.`room` (`room_id`, `room_no`, `ward_no`, `bed_no`, `hospital_hos_id`) VALUES (1113, '22', 'B',  14, 2);
INSERT INTO `csc2008_hospital`.`room` (`room_id`, `room_no`, `ward_no`, `bed_no`, `hospital_hos_id`) VALUES (1114, '23', 'B',  15, 2);
INSERT INTO `csc2008_hospital`.`room` (`room_id`, `room_no`, `ward_no`, `bed_no`, `hospital_hos_id`) VALUES (1115, '31', 'C',  16, 2);
INSERT INTO `csc2008_hospital`.`room` (`room_id`, `room_no`, `ward_no`, `bed_no`, `hospital_hos_id`) VALUES (1116, '32', 'C',  17, 2);
INSERT INTO `csc2008_hospital`.`room` (`room_id`, `room_no`, `ward_no`, `bed_no`, `hospital_hos_id`) VALUES (1117, '33', 'C',  18, 2);

COMMIT;


-- -----------------------------------------------------
-- Data for table `csc2008_hospital`.`patient`
-- -----------------------------------------------------
START TRANSACTION;
USE `csc2008_hospital`;
INSERT INTO `csc2008_hospital`.`patient` (`patient_id`, `name`, `age`, `gender`, `room_id`, `doctor_id`, `mr_id`, `pv_id`, `wr_id`, `room_room_id`, `room_hospital_hos_id`, `patient_vitals_pv_id`, `doctor_doctor_id`, `doctor_doctor_id1`) VALUES (100, 'Lim Teh Peng', 26, 'Male', 1100, 170995, 4000, 2000, 3000, 1100, 1, 2000, 170995, 170995);
INSERT INTO `csc2008_hospital`.`patient` (`patient_id`, `name`, `age`, `gender`, `room_id`, `doctor_id`, `mr_id`, `pv_id`, `wr_id`, `room_room_id`, `room_hospital_hos_id`, `patient_vitals_pv_id`, `doctor_doctor_id`, `doctor_doctor_id1`) VALUES (101, 'Tan Jenny', 38, 'Female', 1101, 170995, 4001, 2001, 3001, 1101, 1, 2001, 170995, 170995);
INSERT INTO `csc2008_hospital`.`patient` (`patient_id`, `name`, `age`, `gender`, `room_id`, `doctor_id`, `mr_id`, `pv_id`, `wr_id`, `room_room_id`, `room_hospital_hos_id`, `patient_vitals_pv_id`, `doctor_doctor_id`, `doctor_doctor_id1`) VALUES (102, 'Lai Jian Wen', 51, 'Male', 1103, 170996, 4002, 2002, 3002, 1102, 1, 2002, 170996, 170996);
INSERT INTO `csc2008_hospital`.`patient` (`patient_id`, `name`, `age`, `gender`, `room_id`, `doctor_id`, `mr_id`, `pv_id`, `wr_id`, `room_room_id`, `room_hospital_hos_id`, `patient_vitals_pv_id`, `doctor_doctor_id`, `doctor_doctor_id1`) VALUES (103, 'Tan Mary', 36, 'Female', 1104, 170996, 4003, 2003, 3003, 1103, 1, 2003, 170996, 170996);
INSERT INTO `csc2008_hospital`.`patient` (`patient_id`, `name`, `age`, `gender`, `room_id`, `doctor_id`, `mr_id`, `pv_id`, `wr_id`, `room_room_id`, `room_hospital_hos_id`, `patient_vitals_pv_id`, `doctor_doctor_id`, `doctor_doctor_id1`) VALUES (104, 'Dong Yating', 44, 'Female', 1106, 170997, 4004, 2004, 3004, 1104, 1, 2004, 170997, 170997);
INSERT INTO `csc2008_hospital`.`patient` (`patient_id`, `name`, `age`, `gender`, `room_id`, `doctor_id`, `mr_id`, `pv_id`, `wr_id`, `room_room_id`, `room_hospital_hos_id`, `patient_vitals_pv_id`, `doctor_doctor_id`, `doctor_doctor_id1`) VALUES (105, 'Tan Yin Su', 58, 'Female', 1109, 170998, 4005, 2005, 3005, 1109, 2, 2005, 170998, 170998);
INSERT INTO `csc2008_hospital`.`patient` (`patient_id`, `name`, `age`, `gender`, `room_id`, `doctor_id`, `mr_id`, `pv_id`, `wr_id`, `room_room_id`, `room_hospital_hos_id`, `patient_vitals_pv_id`, `doctor_doctor_id`, `doctor_doctor_id1`) VALUES (106, 'Lim Zi Xiang', 27, 'Male', 1110, 170998, 4006, 2006, 3006, 1110, 2, 2006, 170998, 170998);
INSERT INTO `csc2008_hospital`.`patient` (`patient_id`, `name`, `age`, `gender`, `room_id`, `doctor_id`, `mr_id`, `pv_id`, `wr_id`, `room_room_id`, `room_hospital_hos_id`, `patient_vitals_pv_id`, `doctor_doctor_id`, `doctor_doctor_id1`) VALUES (107, 'Lim David', 54, 'Female', 1115, 170999, 4007, 2007, 3007, 1111, 2, 2007, 170999, 170999);
INSERT INTO `csc2008_hospital`.`patient` (`patient_id`, `name`, `age`, `gender`, `room_id`, `doctor_id`, `mr_id`, `pv_id`, `wr_id`, `room_room_id`, `room_hospital_hos_id`, `patient_vitals_pv_id`, `doctor_doctor_id`, `doctor_doctor_id1`) VALUES (108, 'Chua Casey', 43, 'Male', 1116, 170999, 4008, 2008, 3008, 1112, 2, 2008, 170999, 170999);
INSERT INTO `csc2008_hospital`.`patient` (`patient_id`, `name`, `age`, `gender`, `room_id`, `doctor_id`, `mr_id`, `pv_id`, `wr_id`, `room_room_id`, `room_hospital_hos_id`, `patient_vitals_pv_id`, `doctor_doctor_id`, `doctor_doctor_id1`) VALUES (109, 'Chua Jackie', 35, 'Female', 1117, 171000, 4009, 2009, 3009, 1113, 2, 2009, 171000, 171000);

COMMIT;


-- -----------------------------------------------------
-- Data for table `csc2008_hospital`.`medical_record`
-- -----------------------------------------------------
START TRANSACTION;
USE `csc2008_hospital`;
INSERT INTO `csc2008_hospital`.`medical_record` (`mr_id`, `mr_date`, `appt_type`, `illness`, `patient_patient_id`, `patient_room_room_id`, `patient_room_hospital_hos_id`, `patient_patient_vitals_pv_id`, `patient_doctor_doctor_id`) VALUES (4000, '2015/10/13', 'consultation', 'fever', 100, 1100, 1, 2000, 170995);
INSERT INTO `csc2008_hospital`.`medical_record` (`mr_id`, `mr_date`, `appt_type`, `illness`, `patient_patient_id`, `patient_room_room_id`, `patient_room_hospital_hos_id`, `patient_patient_vitals_pv_id`, `patient_doctor_doctor_id`) VALUES (4001, '2018/11/29', 'check up', 'stomachache', 101, 1101, 1, 2001, 170995);
INSERT INTO `csc2008_hospital`.`medical_record` (`mr_id`, `mr_date`, `appt_type`, `illness`, `patient_patient_id`, `patient_room_room_id`, `patient_room_hospital_hos_id`, `patient_patient_vitals_pv_id`, `patient_doctor_doctor_id`) VALUES (4002, '2019/04/05', 'consultation', 'cough', 102, 1102, 1, 2002, 170996);
INSERT INTO `csc2008_hospital`.`medical_record` (`mr_id`, `mr_date`, `appt_type`, `illness`, `patient_patient_id`, `patient_room_room_id`, `patient_room_hospital_hos_id`, `patient_patient_vitals_pv_id`, `patient_doctor_doctor_id`) VALUES (4003, '2019/08/16', 'consultation', 'fever', 103, 1103, 1, 2003, 170996);
INSERT INTO `csc2008_hospital`.`medical_record` (`mr_id`, `mr_date`, `appt_type`, `illness`, `patient_patient_id`, `patient_room_room_id`, `patient_room_hospital_hos_id`, `patient_patient_vitals_pv_id`, `patient_doctor_doctor_id`) VALUES (4004, '2017/05/18', 'check up', 'fever', 104, 1104, 1, 2004, 170997);
INSERT INTO `csc2008_hospital`.`medical_record` (`mr_id`, `mr_date`, `appt_type`, `illness`, `patient_patient_id`, `patient_room_room_id`, `patient_room_hospital_hos_id`, `patient_patient_vitals_pv_id`, `patient_doctor_doctor_id`) VALUES (4005, '2018/06/16', 'consultation', 'stomachache', 105, 1109, 2, 2005, 170998);
INSERT INTO `csc2008_hospital`.`medical_record` (`mr_id`, `mr_date`, `appt_type`, `illness`, `patient_patient_id`, `patient_room_room_id`, `patient_room_hospital_hos_id`, `patient_patient_vitals_pv_id`, `patient_doctor_doctor_id`) VALUES (4006, '2016/08/20', 'consultation', 'cough', 106, 1110, 2, 2006, 170998);
INSERT INTO `csc2008_hospital`.`medical_record` (`mr_id`, `mr_date`, `appt_type`, `illness`, `patient_patient_id`, `patient_room_room_id`, `patient_room_hospital_hos_id`, `patient_patient_vitals_pv_id`, `patient_doctor_doctor_id`) VALUES (4007, '2018/09/23', 'consultation', 'flu', 107, 1111, 2, 2007, 170999);
INSERT INTO `csc2008_hospital`.`medical_record` (`mr_id`, `mr_date`, `appt_type`, `illness`, `patient_patient_id`, `patient_room_room_id`, `patient_room_hospital_hos_id`, `patient_patient_vitals_pv_id`, `patient_doctor_doctor_id`) VALUES (4008, '2016/08/21', 'check up', 'fever', 108, 1112, 2, 2008, 170999);
INSERT INTO `csc2008_hospital`.`medical_record` (`mr_id`, `mr_date`, `appt_type`, `illness`, `patient_patient_id`, `patient_room_room_id`, `patient_room_hospital_hos_id`, `patient_patient_vitals_pv_id`, `patient_doctor_doctor_id`) VALUES (4009, '2016/11/27', 'consultation', 'flu', 109, 1113, 2, 2009, 171000);

COMMIT;


-- -----------------------------------------------------
-- Data for table `csc2008_hospital`.`patient_vitals`
-- -----------------------------------------------------
START TRANSACTION;
USE `csc2008_hospital`;
INSERT INTO `csc2008_hospital`.`patient_vitals` (`pv_id`, `heart_rate`, `bp_systolic`, `bp_diastolic`, `temperature`, `vital_datetime`, `patient_patient_id`, `patient_room_room_id`, `patient_room_hospital_hos_id`, `patient_patient_vitals_pv_id`, `patient_doctor_doctor_id`, `covid19_details_covid_id`) VALUES (2000, 99, 116, 77, 37, '2021-03-12 00:00:00', 100, 1100, 1, 2000, 170995, 6500);
INSERT INTO `csc2008_hospital`.`patient_vitals` (`pv_id`, `heart_rate`, `bp_systolic`, `bp_diastolic`, `temperature`, `vital_datetime`, `patient_patient_id`, `patient_room_room_id`, `patient_room_hospital_hos_id`, `patient_patient_vitals_pv_id`, `patient_doctor_doctor_id`, `covid19_details_covid_id`) VALUES (2001, 97, 116, 57, 36.9, '2021-03-12 00:30:00', 100, 1100, 1, 2000, 170995, 6500);
INSERT INTO `csc2008_hospital`.`patient_vitals` (`pv_id`, `heart_rate`, `bp_systolic`, `bp_diastolic`, `temperature`, `vital_datetime`, `patient_patient_id`, `patient_room_room_id`, `patient_room_hospital_hos_id`, `patient_patient_vitals_pv_id`, `patient_doctor_doctor_id`, `covid19_details_covid_id`) VALUES (2002, 90, 97, 65, 37.1, '2021-03-12 01:00:00', 100, 1100, 1, 2000, 170995, 6500);
INSERT INTO `csc2008_hospital`.`patient_vitals` (`pv_id`, `heart_rate`, `bp_systolic`, `bp_diastolic`, `temperature`, `vital_datetime`, `patient_patient_id`, `patient_room_room_id`, `patient_room_hospital_hos_id`, `patient_patient_vitals_pv_id`, `patient_doctor_doctor_id`, `covid19_details_covid_id`) VALUES (2003, 99, 96, 80, 36.9, '2021-03-12 01:30:00', 100, 1100, 1, 2000, 170995, 6500);
INSERT INTO `csc2008_hospital`.`patient_vitals` (`pv_id`, `heart_rate`, `bp_systolic`, `bp_diastolic`, `temperature`, `vital_datetime`, `patient_patient_id`, `patient_room_room_id`, `patient_room_hospital_hos_id`, `patient_patient_vitals_pv_id`, `patient_doctor_doctor_id`, `covid19_details_covid_id`) VALUES (2004, 94, 104, 67, 36.2, '2021-03-12 02:00:00', 100, 1100, 1, 2000, 170995, 6500);
INSERT INTO `csc2008_hospital`.`patient_vitals` (`pv_id`, `heart_rate`, `bp_systolic`, `bp_diastolic`, `temperature`, `vital_datetime`, `patient_patient_id`, `patient_room_room_id`, `patient_room_hospital_hos_id`, `patient_patient_vitals_pv_id`, `patient_doctor_doctor_id`, `covid19_details_covid_id`) VALUES (2005, 95, 104, 63, 36.4, '2021-03-12 02:30:00', 100, 1100, 1, 2000, 170995, 6500);
INSERT INTO `csc2008_hospital`.`patient_vitals` (`pv_id`, `heart_rate`, `bp_systolic`, `bp_diastolic`, `temperature`, `vital_datetime`, `patient_patient_id`, `patient_room_room_id`, `patient_room_hospital_hos_id`, `patient_patient_vitals_pv_id`, `patient_doctor_doctor_id`, `covid19_details_covid_id`) VALUES (2006, 96, 104, 80, 36.3, '2021-03-12 03:00:00', 100, 1100, 1, 2000, 170995, 6500);
INSERT INTO `csc2008_hospital`.`patient_vitals` (`pv_id`, `heart_rate`, `bp_systolic`, `bp_diastolic`, `temperature`, `vital_datetime`, `patient_patient_id`, `patient_room_room_id`, `patient_room_hospital_hos_id`, `patient_patient_vitals_pv_id`, `patient_doctor_doctor_id`, `covid19_details_covid_id`) VALUES (2007, 91, 101, 64, 36.7, '2021-03-12 03:30:00', 100, 1100, 1, 2000, 170995, 6500);
INSERT INTO `csc2008_hospital`.`patient_vitals` (`pv_id`, `heart_rate`, `bp_systolic`, `bp_diastolic`, `temperature`, `vital_datetime`, `patient_patient_id`, `patient_room_room_id`, `patient_room_hospital_hos_id`, `patient_patient_vitals_pv_id`, `patient_doctor_doctor_id`, `covid19_details_covid_id`) VALUES (2008, 95, 112, 79, 37.1, '2021-03-12 04:00:00', 100, 1100, 1, 2000, 170995, 6500);
INSERT INTO `csc2008_hospital`.`patient_vitals` (`pv_id`, `heart_rate`, `bp_systolic`, `bp_diastolic`, `temperature`, `vital_datetime`, `patient_patient_id`, `patient_room_room_id`, `patient_room_hospital_hos_id`, `patient_patient_vitals_pv_id`, `patient_doctor_doctor_id`, `covid19_details_covid_id`) VALUES (2009, 98, 96, 62, 36.4, '2021-03-12 04:30:00', 100, 1100, 1, 2000, 170995, 6500);
INSERT INTO `csc2008_hospital`.`patient_vitals` (`pv_id`, `heart_rate`, `bp_systolic`, `bp_diastolic`, `temperature`, `vital_datetime`, `patient_patient_id`, `patient_room_room_id`, `patient_room_hospital_hos_id`, `patient_patient_vitals_pv_id`, `patient_doctor_doctor_id`, `covid19_details_covid_id`) VALUES (2010, 94, 98, 79, 36.6, '2021-03-12 05:00:00', 100, 1100, 1, 2000, 170995, 6500);
INSERT INTO `csc2008_hospital`.`patient_vitals` (`pv_id`, `heart_rate`, `bp_systolic`, `bp_diastolic`, `temperature`, `vital_datetime`, `patient_patient_id`, `patient_room_room_id`, `patient_room_hospital_hos_id`, `patient_patient_vitals_pv_id`, `patient_doctor_doctor_id`, `covid19_details_covid_id`) VALUES (2011, 93, 104, 58, 37, '2021-03-12 05:30:00', 100, 1100, 1, 2000, 170995, 6500);
INSERT INTO `csc2008_hospital`.`patient_vitals` (`pv_id`, `heart_rate`, `bp_systolic`, `bp_diastolic`, `temperature`, `vital_datetime`, `patient_patient_id`, `patient_room_room_id`, `patient_room_hospital_hos_id`, `patient_patient_vitals_pv_id`, `patient_doctor_doctor_id`, `covid19_details_covid_id`) VALUES (2012, 97, 96, 56, 36.5, '2021-03-12 06:00:00', 100, 1100, 1, 2000, 170995, 6500);
INSERT INTO `csc2008_hospital`.`patient_vitals` (`pv_id`, `heart_rate`, `bp_systolic`, `bp_diastolic`, `temperature`, `vital_datetime`, `patient_patient_id`, `patient_room_room_id`, `patient_room_hospital_hos_id`, `patient_patient_vitals_pv_id`, `patient_doctor_doctor_id`, `covid19_details_covid_id`) VALUES (2013, 93, 111, 75, 36.3, '2021-03-12 06:30:00', 100, 1100, 1, 2000, 170995, 6500);
INSERT INTO `csc2008_hospital`.`patient_vitals` (`pv_id`, `heart_rate`, `bp_systolic`, `bp_diastolic`, `temperature`, `vital_datetime`, `patient_patient_id`, `patient_room_room_id`, `patient_room_hospital_hos_id`, `patient_patient_vitals_pv_id`, `patient_doctor_doctor_id`, `covid19_details_covid_id`) VALUES (2014, 97, 115, 60, 37.4, '2021-03-12 07:00:00', 100, 1100, 1, 2000, 170995, 6500);
INSERT INTO `csc2008_hospital`.`patient_vitals` (`pv_id`, `heart_rate`, `bp_systolic`, `bp_diastolic`, `temperature`, `vital_datetime`, `patient_patient_id`, `patient_room_room_id`, `patient_room_hospital_hos_id`, `patient_patient_vitals_pv_id`, `patient_doctor_doctor_id`, `covid19_details_covid_id`) VALUES (2015, 93, 118, 67, 36.6, '2021-03-12 07:30:00', 100, 1100, 1, 2000, 170995, 6500);
INSERT INTO `csc2008_hospital`.`patient_vitals` (`pv_id`, `heart_rate`, `bp_systolic`, `bp_diastolic`, `temperature`, `vital_datetime`, `patient_patient_id`, `patient_room_room_id`, `patient_room_hospital_hos_id`, `patient_patient_vitals_pv_id`, `patient_doctor_doctor_id`, `covid19_details_covid_id`) VALUES (2016, 98, 109, 68, 36.3, '2021-03-12 08:00:00', 100, 1100, 1, 2000, 170995, 6500);
INSERT INTO `csc2008_hospital`.`patient_vitals` (`pv_id`, `heart_rate`, `bp_systolic`, `bp_diastolic`, `temperature`, `vital_datetime`, `patient_patient_id`, `patient_room_room_id`, `patient_room_hospital_hos_id`, `patient_patient_vitals_pv_id`, `patient_doctor_doctor_id`, `covid19_details_covid_id`) VALUES (2017, 91, 110, 78, 37.3, '2021-03-12 08:30:00', 100, 1100, 1, 2000, 170995, 6500);
INSERT INTO `csc2008_hospital`.`patient_vitals` (`pv_id`, `heart_rate`, `bp_systolic`, `bp_diastolic`, `temperature`, `vital_datetime`, `patient_patient_id`, `patient_room_room_id`, `patient_room_hospital_hos_id`, `patient_patient_vitals_pv_id`, `patient_doctor_doctor_id`, `covid19_details_covid_id`) VALUES (2018, 96, 95, 75, 37.4, '2021-03-12 09:00:00', 100, 1100, 1, 2000, 170995, 6500);
INSERT INTO `csc2008_hospital`.`patient_vitals` (`pv_id`, `heart_rate`, `bp_systolic`, `bp_diastolic`, `temperature`, `vital_datetime`, `patient_patient_id`, `patient_room_room_id`, `patient_room_hospital_hos_id`, `patient_patient_vitals_pv_id`, `patient_doctor_doctor_id`, `covid19_details_covid_id`) VALUES (2019, 99, 100, 76, 36.8, '2021-03-12 09:30:00', 100, 1100, 1, 2000, 170995, 6500);
INSERT INTO `csc2008_hospital`.`patient_vitals` (`pv_id`, `heart_rate`, `bp_systolic`, `bp_diastolic`, `temperature`, `vital_datetime`, `patient_patient_id`, `patient_room_room_id`, `patient_room_hospital_hos_id`, `patient_patient_vitals_pv_id`, `patient_doctor_doctor_id`, `covid19_details_covid_id`) VALUES (2020, 92, 119, 69, 36.6, '2021-03-12 10:00:00', 100, 1100, 1, 2000, 170995, 6500);
INSERT INTO `csc2008_hospital`.`patient_vitals` (`pv_id`, `heart_rate`, `bp_systolic`, `bp_diastolic`, `temperature`, `vital_datetime`, `patient_patient_id`, `patient_room_room_id`, `patient_room_hospital_hos_id`, `patient_patient_vitals_pv_id`, `patient_doctor_doctor_id`, `covid19_details_covid_id`) VALUES (2021, 96, 118, 61, 36.2, '2021-03-12 10:30:00', 100, 1100, 1, 2000, 170995, 6500);
INSERT INTO `csc2008_hospital`.`patient_vitals` (`pv_id`, `heart_rate`, `bp_systolic`, `bp_diastolic`, `temperature`, `vital_datetime`, `patient_patient_id`, `patient_room_room_id`, `patient_room_hospital_hos_id`, `patient_patient_vitals_pv_id`, `patient_doctor_doctor_id`, `covid19_details_covid_id`) VALUES (2022, 94, 105, 70, 36.5, '2021-03-12 11:00:00', 100, 1100, 1, 2000, 170995, 6500);
INSERT INTO `csc2008_hospital`.`patient_vitals` (`pv_id`, `heart_rate`, `bp_systolic`, `bp_diastolic`, `temperature`, `vital_datetime`, `patient_patient_id`, `patient_room_room_id`, `patient_room_hospital_hos_id`, `patient_patient_vitals_pv_id`, `patient_doctor_doctor_id`, `covid19_details_covid_id`) VALUES (2023, 90, 108, 66, 37.2, '2021-03-12 11:30:00', 100, 1100, 1, 2000, 170995, 6500);
INSERT INTO `csc2008_hospital`.`patient_vitals` (`pv_id`, `heart_rate`, `bp_systolic`, `bp_diastolic`, `temperature`, `vital_datetime`, `patient_patient_id`, `patient_room_room_id`, `patient_room_hospital_hos_id`, `patient_patient_vitals_pv_id`, `patient_doctor_doctor_id`, `covid19_details_covid_id`) VALUES (2024, 99, 102, 63, 36.7, '2021-03-12 12:00:00', 100, 1100, 1, 2000, 170995, 6500);
INSERT INTO `csc2008_hospital`.`patient_vitals` (`pv_id`, `heart_rate`, `bp_systolic`, `bp_diastolic`, `temperature`, `vital_datetime`, `patient_patient_id`, `patient_room_room_id`, `patient_room_hospital_hos_id`, `patient_patient_vitals_pv_id`, `patient_doctor_doctor_id`, `covid19_details_covid_id`) VALUES (2025, 96, 104, 66, 36.6, '2021-03-12 12:30:00', 100, 1100, 1, 2000, 170995, 6500);
INSERT INTO `csc2008_hospital`.`patient_vitals` (`pv_id`, `heart_rate`, `bp_systolic`, `bp_diastolic`, `temperature`, `vital_datetime`, `patient_patient_id`, `patient_room_room_id`, `patient_room_hospital_hos_id`, `patient_patient_vitals_pv_id`, `patient_doctor_doctor_id`, `covid19_details_covid_id`) VALUES (2026, 90, 114, 63, 36.7, '2021-03-12 13:00:00', 100, 1100, 1, 2000, 170995, 6500);
INSERT INTO `csc2008_hospital`.`patient_vitals` (`pv_id`, `heart_rate`, `bp_systolic`, `bp_diastolic`, `temperature`, `vital_datetime`, `patient_patient_id`, `patient_room_room_id`, `patient_room_hospital_hos_id`, `patient_patient_vitals_pv_id`, `patient_doctor_doctor_id`, `covid19_details_covid_id`) VALUES (2027, 95, 95, 59, 36.7, '2021-03-12 13:30:00', 100, 1100, 1, 2000, 170995, 6500);
INSERT INTO `csc2008_hospital`.`patient_vitals` (`pv_id`, `heart_rate`, `bp_systolic`, `bp_diastolic`, `temperature`, `vital_datetime`, `patient_patient_id`, `patient_room_room_id`, `patient_room_hospital_hos_id`, `patient_patient_vitals_pv_id`, `patient_doctor_doctor_id`, `covid19_details_covid_id`) VALUES (2028, 96, 115, 65, 36.9, '2021-03-12 14:00:00', 100, 1100, 1, 2000, 170995, 6500);
INSERT INTO `csc2008_hospital`.`patient_vitals` (`pv_id`, `heart_rate`, `bp_systolic`, `bp_diastolic`, `temperature`, `vital_datetime`, `patient_patient_id`, `patient_room_room_id`, `patient_room_hospital_hos_id`, `patient_patient_vitals_pv_id`, `patient_doctor_doctor_id`, `covid19_details_covid_id`) VALUES (2029, 93, 96, 76, 37.1, '2021-03-12 14:30:00', 100, 1100, 1, 2000, 170995, 6500);
INSERT INTO `csc2008_hospital`.`patient_vitals` (`pv_id`, `heart_rate`, `bp_systolic`, `bp_diastolic`, `temperature`, `vital_datetime`, `patient_patient_id`, `patient_room_room_id`, `patient_room_hospital_hos_id`, `patient_patient_vitals_pv_id`, `patient_doctor_doctor_id`, `covid19_details_covid_id`) VALUES (2030, 90, 100, 75, 37.1, '2021-03-12 15:00:00', 100, 1100, 1, 2000, 170995, 6500);
INSERT INTO `csc2008_hospital`.`patient_vitals` (`pv_id`, `heart_rate`, `bp_systolic`, `bp_diastolic`, `temperature`, `vital_datetime`, `patient_patient_id`, `patient_room_room_id`, `patient_room_hospital_hos_id`, `patient_patient_vitals_pv_id`, `patient_doctor_doctor_id`, `covid19_details_covid_id`) VALUES (2031, 95, 95, 78, 36.8, '2021-03-12 15:30:00', 100, 1100, 1, 2000, 170995, 6500);
INSERT INTO `csc2008_hospital`.`patient_vitals` (`pv_id`, `heart_rate`, `bp_systolic`, `bp_diastolic`, `temperature`, `vital_datetime`, `patient_patient_id`, `patient_room_room_id`, `patient_room_hospital_hos_id`, `patient_patient_vitals_pv_id`, `patient_doctor_doctor_id`, `covid19_details_covid_id`) VALUES (2032, 93, 110, 73, 36.8, '2021-03-12 16:00:00', 100, 1100, 1, 2000, 170995, 6500);
INSERT INTO `csc2008_hospital`.`patient_vitals` (`pv_id`, `heart_rate`, `bp_systolic`, `bp_diastolic`, `temperature`, `vital_datetime`, `patient_patient_id`, `patient_room_room_id`, `patient_room_hospital_hos_id`, `patient_patient_vitals_pv_id`, `patient_doctor_doctor_id`, `covid19_details_covid_id`) VALUES (2033, 97, 115, 75, 37.1, '2021-03-12 16:30:00', 100, 1100, 1, 2000, 170995, 6500);
INSERT INTO `csc2008_hospital`.`patient_vitals` (`pv_id`, `heart_rate`, `bp_systolic`, `bp_diastolic`, `temperature`, `vital_datetime`, `patient_patient_id`, `patient_room_room_id`, `patient_room_hospital_hos_id`, `patient_patient_vitals_pv_id`, `patient_doctor_doctor_id`, `covid19_details_covid_id`) VALUES (2034, 92, 111, 68, 36.2, '2021-03-12 17:00:00', 100, 1100, 1, 2000, 170995, 6500);
INSERT INTO `csc2008_hospital`.`patient_vitals` (`pv_id`, `heart_rate`, `bp_systolic`, `bp_diastolic`, `temperature`, `vital_datetime`, `patient_patient_id`, `patient_room_room_id`, `patient_room_hospital_hos_id`, `patient_patient_vitals_pv_id`, `patient_doctor_doctor_id`, `covid19_details_covid_id`) VALUES (2035, 99, 118, 74, 37.1, '2021-03-12 17:30:00', 100, 1100, 1, 2000, 170995, 6500);
INSERT INTO `csc2008_hospital`.`patient_vitals` (`pv_id`, `heart_rate`, `bp_systolic`, `bp_diastolic`, `temperature`, `vital_datetime`, `patient_patient_id`, `patient_room_room_id`, `patient_room_hospital_hos_id`, `patient_patient_vitals_pv_id`, `patient_doctor_doctor_id`, `covid19_details_covid_id`) VALUES (2036, 98, 101, 58, 37.4, '2021-03-12 18:00:00', 100, 1100, 1, 2000, 170995, 6500);
INSERT INTO `csc2008_hospital`.`patient_vitals` (`pv_id`, `heart_rate`, `bp_systolic`, `bp_diastolic`, `temperature`, `vital_datetime`, `patient_patient_id`, `patient_room_room_id`, `patient_room_hospital_hos_id`, `patient_patient_vitals_pv_id`, `patient_doctor_doctor_id`, `covid19_details_covid_id`) VALUES (2037, 98, 102, 64, 36.2, '2021-03-12 18:30:00', 100, 1100, 1, 2000, 170995, 6500);
INSERT INTO `csc2008_hospital`.`patient_vitals` (`pv_id`, `heart_rate`, `bp_systolic`, `bp_diastolic`, `temperature`, `vital_datetime`, `patient_patient_id`, `patient_room_room_id`, `patient_room_hospital_hos_id`, `patient_patient_vitals_pv_id`, `patient_doctor_doctor_id`, `covid19_details_covid_id`) VALUES (2038, 96, 96, 68, 37.1, '2021-03-12 19:00:00', 100, 1100, 1, 2000, 170995, 6500);
INSERT INTO `csc2008_hospital`.`patient_vitals` (`pv_id`, `heart_rate`, `bp_systolic`, `bp_diastolic`, `temperature`, `vital_datetime`, `patient_patient_id`, `patient_room_room_id`, `patient_room_hospital_hos_id`, `patient_patient_vitals_pv_id`, `patient_doctor_doctor_id`, `covid19_details_covid_id`) VALUES (2039, 93, 99, 66, 36.3, '2021-03-12 19:30:00', 100, 1100, 1, 2000, 170995, 6500);
INSERT INTO `csc2008_hospital`.`patient_vitals` (`pv_id`, `heart_rate`, `bp_systolic`, `bp_diastolic`, `temperature`, `vital_datetime`, `patient_patient_id`, `patient_room_room_id`, `patient_room_hospital_hos_id`, `patient_patient_vitals_pv_id`, `patient_doctor_doctor_id`, `covid19_details_covid_id`) VALUES (2040, 98, 107, 80, 37.2, '2021-03-12 20:00:00', 100, 1100, 1, 2000, 170995, 6500);
INSERT INTO `csc2008_hospital`.`patient_vitals` (`pv_id`, `heart_rate`, `bp_systolic`, `bp_diastolic`, `temperature`, `vital_datetime`, `patient_patient_id`, `patient_room_room_id`, `patient_room_hospital_hos_id`, `patient_patient_vitals_pv_id`, `patient_doctor_doctor_id`, `covid19_details_covid_id`) VALUES (2041, 99, 103, 73, 37.4, '2021-03-12 20:30:00', 100, 1100, 1, 2000, 170995, 6500);
INSERT INTO `csc2008_hospital`.`patient_vitals` (`pv_id`, `heart_rate`, `bp_systolic`, `bp_diastolic`, `temperature`, `vital_datetime`, `patient_patient_id`, `patient_room_room_id`, `patient_room_hospital_hos_id`, `patient_patient_vitals_pv_id`, `patient_doctor_doctor_id`, `covid19_details_covid_id`) VALUES (2042, 96, 109, 56, 37.2, '2021-03-12 21:00:00', 100, 1100, 1, 2000, 170995, 6500);
INSERT INTO `csc2008_hospital`.`patient_vitals` (`pv_id`, `heart_rate`, `bp_systolic`, `bp_diastolic`, `temperature`, `vital_datetime`, `patient_patient_id`, `patient_room_room_id`, `patient_room_hospital_hos_id`, `patient_patient_vitals_pv_id`, `patient_doctor_doctor_id`, `covid19_details_covid_id`) VALUES (2043, 97, 95, 80, 36.8, '2021-03-12 21:30:00', 100, 1100, 1, 2000, 170995, 6500);
INSERT INTO `csc2008_hospital`.`patient_vitals` (`pv_id`, `heart_rate`, `bp_systolic`, `bp_diastolic`, `temperature`, `vital_datetime`, `patient_patient_id`, `patient_room_room_id`, `patient_room_hospital_hos_id`, `patient_patient_vitals_pv_id`, `patient_doctor_doctor_id`, `covid19_details_covid_id`) VALUES (2044, 93, 97, 71, 37.2, '2021-03-12 22:00:00', 100, 1100, 1, 2000, 170995, 6500);
INSERT INTO `csc2008_hospital`.`patient_vitals` (`pv_id`, `heart_rate`, `bp_systolic`, `bp_diastolic`, `temperature`, `vital_datetime`, `patient_patient_id`, `patient_room_room_id`, `patient_room_hospital_hos_id`, `patient_patient_vitals_pv_id`, `patient_doctor_doctor_id`, `covid19_details_covid_id`) VALUES (2045, 93, 103, 56, 37.4, '2021-03-12 22:30:00', 100, 1100, 1, 2000, 170995, 6500);
INSERT INTO `csc2008_hospital`.`patient_vitals` (`pv_id`, `heart_rate`, `bp_systolic`, `bp_diastolic`, `temperature`, `vital_datetime`, `patient_patient_id`, `patient_room_room_id`, `patient_room_hospital_hos_id`, `patient_patient_vitals_pv_id`, `patient_doctor_doctor_id`, `covid19_details_covid_id`) VALUES (2046, 90, 104, 75, 37, '2021-03-12 23:00:00', 100, 1100, 1, 2000, 170995, 6500);
INSERT INTO `csc2008_hospital`.`patient_vitals` (`pv_id`, `heart_rate`, `bp_systolic`, `bp_diastolic`, `temperature`, `vital_datetime`, `patient_patient_id`, `patient_room_room_id`, `patient_room_hospital_hos_id`, `patient_patient_vitals_pv_id`, `patient_doctor_doctor_id`, `covid19_details_covid_id`) VALUES (2047, 97, 119, 80, 36.5, '2021-03-12 23:30:00', 100, 1100, 1, 2000, 170995, 6500);

COMMIT;


-- -----------------------------------------------------
-- Data for table `csc2008_hospital`.`ward_record`
-- -----------------------------------------------------
START TRANSACTION;
USE `csc2008_hospital`;
INSERT INTO `csc2008_hospital`.`ward_record` (`wr_id`, `start_date`, `end_date`, `duration`, `patient_patient_id`, `patient_room_room_id`, `patient_room_hospital_hos_id`, `patient_patient_vitals_pv_id`, `patient_doctor_doctor_id`) VALUES (3000, '2021/02/25', '2021/03/11', '14', 100, 1100, 1, 2000, 170995);
INSERT INTO `csc2008_hospital`.`ward_record` (`wr_id`, `start_date`, `end_date`, `duration`, `patient_patient_id`, `patient_room_room_id`, `patient_room_hospital_hos_id`, `patient_patient_vitals_pv_id`, `patient_doctor_doctor_id`) VALUES (3001, '2021/02/22', '2021/03/08', '14', 101, 1101, 1, 2001, 170995);
INSERT INTO `csc2008_hospital`.`ward_record` (`wr_id`, `start_date`, `end_date`, `duration`, `patient_patient_id`, `patient_room_room_id`, `patient_room_hospital_hos_id`, `patient_patient_vitals_pv_id`, `patient_doctor_doctor_id`) VALUES (3002, '2021/01/02', '2021/01/16', '14', 102, 1102, 1, 2002, 170996);
INSERT INTO `csc2008_hospital`.`ward_record` (`wr_id`, `start_date`, `end_date`, `duration`, `patient_patient_id`, `patient_room_room_id`, `patient_room_hospital_hos_id`, `patient_patient_vitals_pv_id`, `patient_doctor_doctor_id`) VALUES (3003, '2021/02/28', '2021/03/14', '14', 103, 1103, 1, 2003, 170996);
INSERT INTO `csc2008_hospital`.`ward_record` (`wr_id`, `start_date`, `end_date`, `duration`, `patient_patient_id`, `patient_room_room_id`, `patient_room_hospital_hos_id`, `patient_patient_vitals_pv_id`, `patient_doctor_doctor_id`) VALUES (3004, '2021/02/17', '2021/03/03', '14', 104, 1104, 1, 2004, 170997);
INSERT INTO `csc2008_hospital`.`ward_record` (`wr_id`, `start_date`, `end_date`, `duration`, `patient_patient_id`, `patient_room_room_id`, `patient_room_hospital_hos_id`, `patient_patient_vitals_pv_id`, `patient_doctor_doctor_id`) VALUES (3005, '2021/01/10', '2021/01/24', '14', 105, 1109, 2, 2005, 170998);
INSERT INTO `csc2008_hospital`.`ward_record` (`wr_id`, `start_date`, `end_date`, `duration`, `patient_patient_id`, `patient_room_room_id`, `patient_room_hospital_hos_id`, `patient_patient_vitals_pv_id`, `patient_doctor_doctor_id`) VALUES (3006, '2021/01/24', '2021/02/07', '14', 106, 1110, 2, 2006, 170998);
INSERT INTO `csc2008_hospital`.`ward_record` (`wr_id`, `start_date`, `end_date`, `duration`, `patient_patient_id`, `patient_room_room_id`, `patient_room_hospital_hos_id`, `patient_patient_vitals_pv_id`, `patient_doctor_doctor_id`) VALUES (3007, '2021/01/18', '2021/02/01', '14', 107, 1111, 2, 2007, 170999);
INSERT INTO `csc2008_hospital`.`ward_record` (`wr_id`, `start_date`, `end_date`, `duration`, `patient_patient_id`, `patient_room_room_id`, `patient_room_hospital_hos_id`, `patient_patient_vitals_pv_id`, `patient_doctor_doctor_id`) VALUES (3008, '2021/01/03', '2021/01/17', '14', 108, 1112, 2, 2008, 170999);
INSERT INTO `csc2008_hospital`.`ward_record` (`wr_id`, `start_date`, `end_date`, `duration`, `patient_patient_id`, `patient_room_room_id`, `patient_room_hospital_hos_id`, `patient_patient_vitals_pv_id`, `patient_doctor_doctor_id`) VALUES (3009, '2021/02/15', '2021/03/01', '14', 109, 1113, 2, 2009, 171000);

COMMIT;

